Name,College_Email,Contact_Number,Event_Name,Event_Date,Capacity,Event_Time,Event_Duration,Venue_Selection,Purpose,Status,2nd_Choice,2nd Choice
Prasad,arnavp22.comp@coeptech.ac.in,9359026619,CoFSUG,10/04/2024,100,15:50:00,3,Main Building,Seminar,Pending,Mini Audi,
Shetty,arnavp22.comp@coeptech.ac.in,9359026619,mindspark,10/04/2024,100,18:50:00,3,Main Building,Seminar,Pending,Mini Audi,
Anish,adeebim2.comp@coeptech.ac.in,9359026619,CoFSUG,13/04/2024,100,05:00:00,4,Main Building,Seminar,Pending,,Mini Auditorium
Anish,adeebim2.comp@coeptech.ac.in,9359026619,CoFSUG,25/04/2024,100,06:05:00,4,Main Building,Seminar,Pending,,Mini Auditorium
Anish,adeebim2.comp@coeptech.ac.in,9359026619,CoFSUG,26/04/2024,100,06:07:00,4,Main Building,Seminar,Pending,,Mini Auditorium
