day,start_time,end_time,subject,venue,teacher
Monday,9,11,MPT,,
Monday,11,12,,201,Seema
Monday,12,13,VCPDE,,
Monday,13,14,,203,Kokate
Monday,14,15,SA,201,Kshirsagar
Monday,15,16,DC,201,Jibi
Monday,16,17,,201,
Tuesday,9,11,DSA,,Pratiksha
Tuesday,11,12,BFE,201,Bhagyashree
Tuesday,12,13,Lunch Break,,
Tuesday,13,14,,,
Tuesday,14,15,TOC,201,Jibi
Tuesday,15,16,VCPDE,201,Seema
Tuesday,16,17,,,
Wednesday,9,11,RPPOOP,,Trishna
Wednesday,11,12,BFE,201,Bhagyashree
Wednesday,12,13,Lunch Break,,
Wednesday,13,14,,,
Wednesday,14,15,TOC,201,Jibi
Wednesday,15,16,DC,201,Kshirsagar
Wednesday,16,17,MPT,201,Sawant
Thursday,9,11,SA,,M tech1
Thursday,11,12,MPT,203,Sawant
Thursday,12,13,Lunch Break,,
Thursday,13,14,VCPDE,203,Seema
Thursday,14,15,,,
Thursday,15,16,RPPOOP,201,Trishna
Thursday,16,17,DSA,203,Pratiksha
Friday,9,11,MPT,,Revankar
Friday,11,12,TOC,203,Jibi
Friday,12,13,Lunch Break,,
Friday,13,14,BFE,203,Bhagyashree
Friday,14,15,DC,201,Kshirsagar
Friday,15,16,,,
Friday,16,17,DSA,203,Pratiksha
