day,start_time,end_time,subject,venue,teacher
Monday,9,10,DC,203,Kshirsagar
Monday,10,11,TOC,203,Jibi
Monday,11,13,MPT,,Revankar
Monday,13,14,Lunch Break,,
Monday,14,15,VCPDE,203,Seema
Monday,15,16,BFE,203,Bhagyashree
Monday,16,17,MPT,203,
Tuesday,9,10,TOC,203,Jibi
Tuesday,10,11,VCPDE,203,Seema
Tuesday,11,13,,,
Tuesday,13,14,Lunch Break,,
Tuesday,14,15,DC,203,Kshirsagar
Tuesday,15,16,MPT,203,Sawant
Tuesday,16,17,BFE,203,Bhagyashree
Wednesday,9,10,DC,203,Kshirsagar
Wednesday,10,11,TOC,203,Jibi
Wednesday,11,13,SA,,M tech1
Wednesday,13,14,Lunch Break,,
Wednesday,14,15,DSA,203,Pratiksha
Wednesday,15,16,BFE,203,Bhagyashree
Wednesday,16,17,SA,203,Kokate
Thursday,9,10,VCPDE,203,Seema
Thursday,10,11,,,
Thursday,11,13,RPPOOP,,Trishna
Thursday,13,14,Lunch Break,,
Thursday,14,15,TOC,203,Jibi
Thursday,15,16,MPT,203,Sawant
Thursday,16,17,,,
Friday,9,10,DSA,203,Pratiksha
Friday,10,11,,,
Friday,11,13,DSA,,Pratiksha
Friday,13,14,Lunch Break,,
Friday,14,15,RPPOOP,203,Trishna
Friday,15,16,,,
Friday,16,17,,,
