day,start_time,end_time,subject,venue,teacher
Monday,9,10,DAA,201,Aparna
Monday,10,11,SE-2,204,Pradeep
Monday,11,12,,201,
Monday,12,13,Lunch Break,,
Monday,13,15,DEC,,RANDOM1
Monday,15,16,OS,202,Abhijeet
Monday,16,17,DS,202,Archana
Tuesday,9,10,DS,201,Archana
Tuesday,10,11,,,
Tuesday,11,12,DEC,201,Shraddha
Tuesday,12,13,Lunch Break,,
Tuesday,13,15,OS,,Abhijeet
Tuesday,15,16,OS,204,Abhijeet
Tuesday,16,17,,,
Wednesday,9,10,,,
Wednesday,10,11,,,
Wednesday,11,12,DEC,201,Shraddha
Wednesday,12,13,Lunch Break,,
Wednesday,13,15,SE-2,,Tanuja
Wednesday,15,16,DAA,202,Aparna
Wednesday,16,17,SE-2,202,Tanuja
Thursday,9,10,,,
Thursday,10,11,OS,201,Abhijeet
Thursday,11,12,DEC,201,
Thursday,12,13,Lunch Break,,
Thursday,13,15,,,
Thursday,15,16,SE-2,204,Tanuja
Thursday,16,17,DAA,202,Aparna
Friday,9,10,DAA,,
Friday,10,11,,201,
Friday,11,12,,201,
Friday,12,13,DEC,,Deepika
Friday,13,15,,,
Friday,15,16,DS,,Khushal
Friday,16,17,,202,
